{
    "4": {
        "acc": 24.84,
        "loss": 0.015436012083292008
    },
    "8": {
        "acc": 29.63,
        "loss": 0.01471568084359169
    },
    "12": {
        "acc": 32.51,
        "loss": 0.0144106564193964
    },
    "16": {
        "acc": 34.2,
        "loss": 0.01417300765812397
    },
    "20": {
        "acc": 34.39,
        "loss": 0.014119305443763733
    }
}