{
    "4": {
        "acc": 27.49,
        "loss": 0.09935202320814132
    },
    "8": {
        "acc": 32.39,
        "loss": 0.0918456374168396
    },
    "12": {
        "acc": 35.03,
        "loss": 0.08785735266208648
    },
    "16": {
        "acc": 36.85,
        "loss": 0.08429757897853851
    },
    "20": {
        "acc": 38.73,
        "loss": 0.08286721221208572
    }
}