{
    "4": {
        "acc": 23.52,
        "loss": 0.015476877057552338
    },
    "8": {
        "acc": 28.54,
        "loss": 0.0147418690264225
    },
    "12": {
        "acc": 30.88,
        "loss": 0.01445657708644867
    },
    "16": {
        "acc": 33.68,
        "loss": 0.014224244755506515
    },
    "20": {
        "acc": 34.04,
        "loss": 0.014138381737470626
    }
}