{
    "4": {
        "acc": 27.46,
        "loss": 0.1024259868144989
    },
    "8": {
        "acc": 32.34,
        "loss": 0.09302140117883682
    },
    "12": {
        "acc": 34.32,
        "loss": 0.08995471870899201
    },
    "16": {
        "acc": 36.64,
        "loss": 0.08642856940031052
    },
    "20": {
        "acc": 38.34,
        "loss": 0.0838023460149765
    }
}