{
    "4": {
        "acc": 24.433333333333334,
        "loss": 0.015413761193884743
    },
    "8": {
        "acc": 29.033333333333335,
        "loss": 0.014751980088154475
    },
    "12": {
        "acc": 31.026666666666667,
        "loss": 0.014476904201176432
    },
    "16": {
        "acc": 33.20666666666666,
        "loss": 0.014208520164423519
    },
    "20": {
        "acc": 35.31777777777778,
        "loss": 0.014046165954404407
    }
}