{
    "4": {
        "acc": 26.0,
        "loss": 0.014994911476969719
    },
    "8": {
        "acc": 30.86,
        "loss": 0.014340011206269264
    },
    "12": {
        "acc": 33.45,
        "loss": 0.014023055496811867
    },
    "16": {
        "acc": 34.84,
        "loss": 0.013789026926457882
    },
    "20": {
        "acc": 36.5,
        "loss": 0.01362690761834383
    }
}