{
    "4": {
        "acc": 25.18,
        "loss": 0.014995683598518371
    },
    "8": {
        "acc": 29.94,
        "loss": 0.01445593284368515
    },
    "12": {
        "acc": 32.58,
        "loss": 0.01403324365913868
    },
    "16": {
        "acc": 34.04,
        "loss": 0.01391150629222393
    },
    "20": {
        "acc": 36.26,
        "loss": 0.013595902037620544
    }
}