{
    "4": {
        "acc": 25.702222222222222,
        "loss": 0.015021495690610674
    },
    "8": {
        "acc": 29.75111111111111,
        "loss": 0.014401043940583865
    },
    "12": {
        "acc": 33.14888888888889,
        "loss": 0.014006312103735076
    },
    "16": {
        "acc": 34.34888888888889,
        "loss": 0.013811527561479145
    },
    "20": {
        "acc": 36.31333333333333,
        "loss": 0.013598586879505051
    }
}